Split File,Combined File
Module 11 The Climate System,Module 11 The Climate System
Module 11 Natural Causes of Climate Change,Module 11 Natural Causes of Climate Change
Module 11 The Geosphere and Climate,Module 11 Natural Causes of Climate Change
Module 11 Milankovitch Cycles,Module 11 Natural Causes of Climate Change
Module 11 Solar Variability and Climate,Module 11 Natural Causes of Climate Change
Module 11 Human Causes of Climate Change I,Module 11 Human Causes of Climate Change
Module 11 Human Causes of Climate Change II,Module 11 Human Causes of Climate Change
Module 11 Are Temperatures Changing,Module 11 Detecting Climate Change
Module 11 Detecting Climate Change in Water and Ice,Module 11 Detecting Climate Change
Module 11 Climate Feedback Mechanisms I,Module 11 Climate Feedback Mechanisms
Module 11 Climate Feedback Mechanisms II,Module 11 Climate Feedback Mechanisms
Module 11 Water Vapor Feedback,Module 11 Climate Feedback Mechanisms
Module 11 How Has Climate Changed,Module 11 Past Climate Change
,
,
